log10Te_eV,log10ne_m3,log10scd_m3s,log10ccd_m3s
-0.698970,13.698970,-43.630300,-14.510220
-0.522880,13.698970,-43.611950,-14.510220
-0.301030,13.698970,-43.590680,-14.510220
-0.154900,13.698970,-43.557540,-14.510220
0.000000,13.698970,-43.528150,-14.510220
0.176090,13.698970,-43.494570,-14.510220
0.301030,13.698970,-43.443540,-14.510220
0.477120,13.698970,-43.399400,-14.510220
0.698970,13.698970,-43.349530,-14.510220
0.845100,13.698970,-43.272760,-14.510220
1.000000,13.698970,-43.204520,-14.510220
1.176090,13.698970,-43.125310,-14.510220
1.301030,13.698970,-42.999500,-14.510220
1.477120,13.698970,-42.884850,-14.510220
1.698970,13.698970,-42.748980,-14.510220
1.845100,13.698970,-42.526090,-14.510220
2.000000,13.698970,-42.319620,-14.510220
2.176090,13.698970,-42.082730,-14.510220
2.301030,13.698970,-41.731030,-14.510220
2.477120,13.698970,-41.441710,-14.510220
2.698970,13.698970,-41.138300,-14.510220
2.845100,13.698970,-40.728350,-14.510220
3.000000,13.698970,-40.421900,-14.510220
3.176090,13.698970,-40.125730,-14.510220
3.301030,13.698970,-33.803570,-14.422170
3.477120,13.698970,-33.788000,-14.422170
3.698970,13.698970,-33.769980,-14.422170
3.845100,13.698970,-33.741980,-14.422170
4.000000,13.698970,-33.717240,-14.422170
-0.698970,14.000000,-33.689240,-14.422170
-0.522880,14.000000,-33.647150,-14.422170
-0.301030,14.000000,-33.611070,-14.422170
-0.154900,14.000000,-33.570650,-14.422170
0.000000,14.000000,-33.509070,-14.422170
0.176090,14.000000,-33.454920,-14.422170
0.301030,14.000000,-33.392630,-14.422170
0.477120,14.000000,-33.294580,-14.422170
0.698970,14.000000,-33.205630,-14.422170
0.845100,14.000000,-33.100050,-14.422170
1.000000,14.000000,-32.926660,-14.422170
1.176090,14.000000,-32.766090,-14.422170
1.301030,14.000000,-32.580400,-14.422170
1.477120,14.000000,-32.296800,-14.422170
1.698970,14.000000,-32.055410,-14.422170
1.845100,14.000000,-31.796650,-14.422170
2.000000,14.000000,-31.437890,-14.422170
2.176090,14.000000,-31.159470,-14.422170
2.301030,14.000000,-30.880170,-14.422170
2.477120,14.000000,-25.946560,-14.311250
2.698970,14.000000,-25.933760,-14.311250
2.845100,14.000000,-25.918940,-14.311250
3.000000,14.000000,-25.895910,-14.311250
3.176090,14.000000,-25.875600,-14.311250
3.301030,14.000000,-25.852770,-14.311250
3.477120,14.000000,-25.818680,-14.311250
3.698970,14.000000,-25.789660,-14.311250
3.845100,14.000000,-25.757340,-14.311250
4.000000,14.000000,-25.708590,-14.311250
-0.698970,14.301030,-25.666170,-14.311250
-0.522880,14.301030,-25.617830,-14.311250
-0.301030,14.301030,-25.542760,-14.311250
-0.154900,14.301030,-25.475700,-14.311250
0.000000,14.301030,-25.397650,-14.311250
0.176090,14.301030,-25.273520,-14.311250
0.301030,14.301030,-25.161830,-14.311250
0.477120,14.301030,-25.033440,-14.311250
0.698970,14.301030,-24.833400,-14.311250
0.845100,14.301030,-24.659510,-14.311250
1.000000,14.301030,-24.470740,-14.311250
1.176090,14.301030,-24.198410,-14.311250
1.301030,14.301030,-23.971080,-14.311250
1.477120,14.301030,-23.728350,-14.311250
1.698970,14.301030,-22.581510,-14.238180
1.845100,14.301030,-22.570160,-14.238180
2.000000,14.301030,-22.557020,-14.238180
2.176090,14.301030,-22.536560,-14.238180
2.301030,14.301030,-22.518520,-14.238180
2.477120,14.301030,-22.498270,-14.238180
2.698970,14.301030,-22.468100,-14.238180
2.845100,14.301030,-22.442440,-14.238180
3.000000,14.301030,-22.413920,-14.238180
3.176090,14.301030,-22.370990,-14.238180
3.301030,14.301030,-22.333700,-14.238180
3.477120,14.301030,-22.291280,-14.238180
3.698970,14.301030,-22.225600,-14.238180
3.845100,14.301030,-22.167350,-14.238180
4.000000,14.301030,-22.100390,-14.238180
-0.698970,14.698970,-21.996260,-14.238180
-0.522880,14.698970,-21.904750,-14.238180
-0.301030,14.698970,-21.800610,-14.238180
-0.154900,14.698970,-21.638800,-14.238180
0.000000,14.698970,-21.499100,-14.238180
0.176090,14.698970,-21.346990,-14.238180
0.301030,14.698970,-21.119630,-14.238180
0.477120,14.698970,-20.921260,-14.238180
0.698970,14.698970,-20.706160,-14.238180
0.845100,14.698970,-20.059380,-14.160730
1.000000,14.698970,-20.049310,-14.160730
1.176090,14.698970,-20.037640,-14.160730
1.301030,14.698970,-20.019420,-14.160730
1.477120,14.698970,-20.003350,-14.160730
1.698970,14.698970,-19.985300,-14.160730
1.845100,14.698970,-19.958420,-14.160730
2.000000,14.698970,-19.935550,-14.160730
2.176090,14.698970,-19.910140,-14.160730
2.301030,14.698970,-19.871850,-14.160730
2.477120,14.698970,-19.838550,-14.160730
2.698970,14.698970,-19.800600,-14.160730
2.845100,14.698970,-19.741880,-14.160730
3.000000,14.698970,-19.690150,-14.160730
3.176090,14.698970,-19.631400,-14.160730
3.301030,14.698970,-19.541980,-14.160730
3.477120,14.698970,-19.465150,-14.160730
3.698970,14.698970,-19.378580,-14.160730
3.845100,14.698970,-19.245750,-14.160730
4.000000,14.698970,-19.132910,-14.160730
-0.698970,15.000000,-19.009230,-14.160730
-0.522880,15.000000,-18.817630,-14.160730
-0.301030,15.000000,-18.646970,-14.160730
-0.154900,15.000000,-18.465810,-14.160730
0.000000,15.000000,-18.036320,-14.080140
0.176090,15.000000,-18.028660,-14.080140
0.301030,15.000000,-18.019730,-14.080140
0.477120,15.000000,-18.005660,-14.080140
0.698970,15.000000,-17.993150,-14.080140
0.845100,15.000000,-17.979030,-14.080140
1.000000,15.000000,-17.957830,-14.080140
1.176090,15.000000,-17.939660,-14.080140
1.301030,15.000000,-17.919340,-14.080140
1.477120,15.000000,-17.888470,-14.080140
1.698970,15.000000,-17.861370,-14.080140
1.845100,15.000000,-17.830260,-14.080140
2.000000,15.000000,-17.781890,-14.080140
2.176090,15.000000,-17.739290,-14.080140
2.301030,15.000000,-17.691120,-14.080140
2.477120,15.000000,-17.618440,-14.080140
2.698970,15.000000,-17.556420,-14.080140
2.845100,15.000000,-17.486610,-14.080140
3.000000,15.000000,-17.380640,-14.080140
3.176090,15.000000,-17.291560,-14.080140
3.301030,15.000000,-17.192480,-14.080140
3.477120,15.000000,-17.034680,-14.080140
3.698970,15.000000,-16.895330,-14.080140
3.845100,15.000000,-16.755020,-14.080140
4.000000,15.000000,-16.978050,-14.022720
-0.698970,15.301030,-16.972200,-14.022720
-0.522880,15.301030,-16.965340,-14.022720
-0.301030,15.301030,-16.954430,-14.022720
-0.154900,15.301030,-16.944660,-14.022720
0.000000,15.301030,-16.933550,-14.022720
0.176090,15.301030,-16.916750,-14.022720
0.301030,15.301030,-16.902240,-14.022720
0.477120,15.301030,-16.885890,-14.022720
0.698970,15.301030,-16.860860,-14.022720
0.845100,15.301030,-16.838700,-14.022720
1.000000,15.301030,-16.813110,-14.022720
1.176090,15.301030,-16.773090,-14.022720
1.301030,15.301030,-16.737720,-14.022720
1.477120,15.301030,-16.697550,-14.022720
1.698970,15.301030,-16.636690,-14.022720
1.845100,15.301030,-16.584420,-14.022720
2.000000,15.301030,-16.525240,-14.022720
2.176090,15.301030,-16.435580,-14.022720
2.301030,15.301030,-16.360160,-14.022720
2.477120,15.301030,-16.275080,-14.022720
2.698970,15.301030,-16.138170,-14.022720
2.845100,15.301030,-16.019620,-14.022720
3.000000,15.301030,-15.905380,-14.022720
3.176090,15.301030,-15.908840,-13.946110
3.301030,15.301030,-15.904600,-13.946110
3.477120,15.301030,-15.899590,-13.946110
3.698970,15.301030,-15.891570,-13.946110
3.845100,15.301030,-15.884310,-13.946110
4.000000,15.301030,-15.875990,-13.946110
-0.698970,15.698970,-15.863290,-13.946110
-0.522880,15.698970,-15.852220,-13.946110
-0.301030,15.698970,-15.839670,-13.946110
-0.154900,15.698970,-15.820300,-13.946110
0.000000,15.698970,-15.803030,-13.946110
0.176090,15.698970,-15.783010,-13.946110
0.301030,15.698970,-15.751610,-13.946110
0.477120,15.698970,-15.723760,-13.946110
0.698970,15.698970,-15.691940,-13.946110
0.845100,15.698970,-15.643250,-13.946110
1.000000,15.698970,-15.600850,-13.946110
1.176090,15.698970,-15.552440,-13.946110
1.301030,15.698970,-15.479140,-13.946110
1.477120,15.698970,-15.417120,-13.946110
1.698970,15.698970,-15.345950,-13.946110
1.845100,15.698970,-15.231590,-13.946110
2.000000,15.698970,-15.136680,-13.946110
2.176090,15.698970,-15.050860,-13.946110
2.301030,15.698970,-15.007700,-13.860570
2.477120,15.698970,-15.004840,-13.860570
2.698970,15.698970,-15.001450,-13.860570
2.845100,15.698970,-14.995950,-13.860570
3.000000,15.698970,-14.990920,-13.860570
3.176090,15.698970,-14.985100,-13.860570
3.301030,15.698970,-14.976110,-13.860570
3.477120,15.698970,-14.968200,-13.860570
3.698970,15.698970,-14.959150,-13.860570
3.845100,15.698970,-14.945060,-13.860570
4.000000,15.698970,-14.932440,-13.860570
-0.698970,16.000000,-14.917770,-13.860570
-0.522880,16.000000,-14.894760,-13.860570
-0.301030,16.000000,-14.874270,-13.860570
-0.154900,16.000000,-14.850610,-13.860570
0.000000,16.000000,-14.813670,-13.860570
0.176090,16.000000,-14.780690,-13.860570
0.301030,16.000000,-14.742380,-13.860570
0.477120,16.000000,-14.683810,-13.860570
0.698970,16.000000,-14.633290,-13.860570
0.845100,16.000000,-14.574150,-13.860570
1.000000,16.000000,-14.480500,-13.860570
1.176090,16.000000,-14.407160,-13.860570
1.301030,16.000000,-14.345320,-13.860570
1.477120,16.000000,-14.594660,-13.807940
1.698970,16.000000,-14.592420,-13.807940
1.845100,16.000000,-14.589750,-13.807940
2.000000,16.000000,-14.585410,-13.807940
2.176090,16.000000,-14.581420,-13.807940
2.301030,16.000000,-14.576760,-13.807940
2.477120,16.000000,-14.569520,-13.807940
2.698970,16.000000,-14.563100,-13.807940
2.845100,16.000000,-14.555730,-13.807940
3.000000,16.000000,-14.544200,-13.807940
3.176090,16.000000,-14.533860,-13.807940
3.301030,16.000000,-14.521870,-13.807940
3.477120,16.000000,-14.503100,-13.807940
3.698970,16.000000,-14.486390,-13.807940
3.845100,16.000000,-14.466970,-13.807940
4.000000,16.000000,-14.436180,-13.807940
-0.698970,16.301030,-14.408150,-13.807940
-0.522880,16.301030,-14.375150,-13.807940
-0.301030,16.301030,-14.323980,-13.807940
-0.154900,16.301030,-14.279010,-13.807940
0.000000,16.301030,-14.225710,-13.807940
0.176090,16.301030,-14.142180,-13.807940
0.301030,16.301030,-14.078880,-13.807940
0.477120,16.301030,-14.027320,-13.807940
0.698970,16.301030,-14.264950,-13.753870
0.845100,16.301030,-14.263190,-13.753870
1.000000,16.301030,-14.261100,-13.753870
1.176090,16.301030,-14.257660,-13.753870
1.301030,16.301030,-14.254480,-13.753870
1.477120,16.301030,-14.250740,-13.753870
1.698970,16.301030,-14.244890,-13.753870
1.845100,16.301030,-14.239670,-13.753870
2.000000,16.301030,-14.233640,-13.753870
2.176090,16.301030,-14.224190,-13.753870
2.301030,16.301030,-14.215720,-13.753870
2.477120,16.301030,-14.205940,-13.753870
2.698970,16.301030,-14.190730,-13.753870
2.845100,16.301030,-14.177210,-13.753870
3.000000,16.301030,-14.161430,-13.753870
3.176090,16.301030,-14.136010,-13.753870
3.301030,16.301030,-14.112400,-13.753870
3.477120,16.301030,-14.084150,-13.753870
3.698970,16.301030,-14.039480,-13.753870
3.845100,16.301030,-13.999300,-13.753870
4.000000,16.301030,-13.951060,-13.753870
-0.698970,16.698970,-13.876070,-13.753870
-0.522880,16.698970,-13.820650,-13.753870
-0.301030,16.698970,-13.776650,-13.753870
-0.154900,16.698970,-13.990320,-13.687920
0.000000,16.698970,-13.988950,-13.687920
0.176090,16.698970,-13.987300,-13.687920
0.301030,16.698970,-13.984600,-13.687920
0.477120,16.698970,-13.982070,-13.687920
0.698970,16.698970,-13.979090,-13.687920
0.845100,16.698970,-13.974370,-13.687920
1.000000,16.698970,-13.970140,-13.687920
1.176090,16.698970,-13.965230,-13.687920
1.301030,16.698970,-13.957510,-13.687920
1.477120,16.698970,-13.950610,-13.687920
1.698970,16.698970,-13.942690,-13.687920
1.845100,16.698970,-13.930480,-13.687920
2.000000,16.698970,-13.919710,-13.687920
2.176090,16.698970,-13.907090,-13.687920
2.301030,16.698970,-13.886490,-13.687920
2.477120,16.698970,-13.866950,-13.687920
2.698970,16.698970,-13.843100,-13.687920
2.845100,16.698970,-13.804410,-13.687920
3.000000,16.698970,-13.768640,-13.687920
3.176090,16.698970,-13.725070,-13.687920
3.301030,16.698970,-13.657540,-13.687920
3.477120,16.698970,-13.608450,-13.687920
3.698970,16.698970,-13.570130,-13.687920
3.845100,16.698970,-13.845380,-13.638560
4.000000,16.698970,-13.844200,-13.638560
-0.698970,17.000000,-13.842790,-13.638560
-0.522880,17.000000,-13.840470,-13.638560
-0.301030,17.000000,-13.838280,-13.638560
-0.154900,17.000000,-13.835690,-13.638560
0.000000,17.000000,-13.831570,-13.638560
0.176090,17.000000,-13.827850,-13.638560
0.301030,17.000000,-13.823530,-13.638560
0.477120,17.000000,-13.816710,-13.638560
0.698970,17.000000,-13.810630,-13.638560
0.845100,17.000000,-13.803680,-13.638560
1.000000,17.000000,-13.793050,-13.638560
1.176090,17.000000,-13.783720,-13.638560
1.301030,17.000000,-13.772800,-13.638560
1.477120,17.000000,-13.754850,-13.638560
1.698970,17.000000,-13.737620,-13.638560
1.845100,17.000000,-13.716290,-13.638560
2.000000,17.000000,-13.681050,-13.638560
2.176090,17.000000,-13.647870,-13.638560
2.301030,17.000000,-13.607070,-13.638560
2.477120,17.000000,-13.543740,-13.638560
2.698970,17.000000,-13.497930,-13.638560
2.845100,17.000000,-13.462380,-13.638560
3.000000,17.000000,-13.695340,-13.569500
3.176090,17.000000,-13.694360,-13.569500
3.301030,17.000000,-13.693190,-13.569500
3.477120,17.000000,-13.691260,-13.569500
3.698970,17.000000,-13.689430,-13.569500
3.845100,17.000000,-13.687240,-13.569500
4.000000,17.000000,-13.683740,-13.569500
-0.698970,17.301030,-13.680560,-13.569500
-0.522880,17.301030,-13.676850,-13.569500
-0.301030,17.301030,-13.670990,-13.569500
-0.154900,17.301030,-13.665760,-13.569500
0.000000,17.301030,-13.659820,-13.569500
0.176090,17.301030,-13.650800,-13.569500
0.301030,17.301030,-13.642950,-13.569500
0.477120,17.301030,-13.633780,-13.569500
0.698970,17.301030,-13.618610,-13.569500
0.845100,17.301030,-13.603850,-13.569500
1.000000,17.301030,-13.585300,-13.569500
1.176090,17.301030,-13.553930,-13.569500
1.301030,17.301030,-13.523770,-13.569500
1.477120,17.301030,-13.486230,-13.569500
1.698970,17.301030,-13.427620,-13.569500
1.845100,17.301030,-13.385130,-13.569500
2.000000,17.301030,-13.352160,-13.569500
2.176090,17.301030,-13.576490,-13.484650
2.301030,17.301030,-13.575680,-13.484650
2.477120,17.301030,-13.574710,-13.484650
2.698970,17.301030,-13.573110,-13.484650
2.845100,17.301030,-13.571580,-13.484650
3.000000,17.301030,-13.569740,-13.484650
3.176090,17.301030,-13.566770,-13.484650
3.301030,17.301030,-13.564050,-13.484650
3.477120,17.301030,-13.560870,-13.484650
3.698970,17.301030,-13.555810,-13.484650
3.845100,17.301030,-13.551280,-13.484650
4.000000,17.301030,-13.546150,-13.484650
-0.698970,17.698970,-13.538390,-13.484650
-0.522880,17.698970,-13.531660,-13.484650
-0.301030,17.698970,-13.523830,-13.484650
-0.154900,17.698970,-13.510830,-13.484650
0.000000,17.698970,-13.498010,-13.484650
0.176090,17.698970,-13.481640,-13.484650
0.301030,17.698970,-13.453240,-13.484650
0.477120,17.698970,-13.425320,-13.484650
0.698970,17.698970,-13.390130,-13.484650
0.845100,17.698970,-13.334530,-13.484650
1.000000,17.698970,-13.293740,-13.484650
1.176090,17.698970,-13.261830,-13.484650
1.301030,17.698970,-13.531410,-13.430730
1.477120,17.698970,-13.530680,-13.430730
1.698970,17.698970,-13.529810,-13.430730
1.845100,17.698970,-13.528350,-13.430730
2.000000,17.698970,-13.526970,-13.430730
2.176090,17.698970,-13.525290,-13.430730
2.301030,17.698970,-13.522560,-13.430730
2.477120,17.698970,-13.520060,-13.430730
2.698970,17.698970,-13.517110,-13.430730
2.845100,17.698970,-13.512420,-13.430730
3.000000,17.698970,-13.508220,-13.430730
3.176090,17.698970,-13.503430,-13.430730
3.301030,17.698970,-13.496200,-13.430730
3.477120,17.698970,-13.489940,-13.430730
3.698970,17.698970,-13.482690,-13.430730
3.845100,17.698970,-13.470630,-13.430730
4.000000,17.698970,-13.458710,-13.430730
-0.698970,18.000000,-13.443360,-13.430730
-0.522880,18.000000,-13.416360,-13.430730
-0.301030,18.000000,-13.389520,-13.430730
-0.154900,18.000000,-13.355440,-13.430730
0.000000,18.000000,-13.300990,-13.430730
0.176090,18.000000,-13.260520,-13.430730
0.301030,18.000000,-13.228510,-13.430730
0.477120,18.000000,-13.506160,-13.375700
0.698970,18.000000,-13.505480,-13.375700
0.845100,18.000000,-13.504680,-13.375700
1.000000,18.000000,-13.503360,-13.375700
1.176090,18.000000,-13.502090,-13.375700
1.301030,18.000000,-13.500540,-13.375700
1.477120,18.000000,-13.498020,-13.375700
1.698970,18.000000,-13.495690,-13.375700
1.845100,18.000000,-13.492950,-13.375700
2.000000,18.000000,-13.488560,-13.375700
2.176090,18.000000,-13.484600,-13.375700
2.301030,18.000000,-13.480090,-13.375700
2.477120,18.000000,-13.473250,-13.375700
2.698970,18.000000,-13.467350,-13.375700
2.845100,18.000000,-13.460520,-13.375700
3.000000,18.000000,-13.449200,-13.375700
3.176090,18.000000,-13.438000,-13.375700
3.301030,18.000000,-13.423490,-13.375700
3.477120,18.000000,-13.397680,-13.375700
3.698970,18.000000,-13.371750,-13.375700
3.845100,18.000000,-13.338610,-13.375700
4.000000,18.000000,-13.284960,-13.375700
-0.698970,18.301030,-13.244350,-13.375700
-0.522880,18.301030,-13.211730,-13.375700
-0.301030,18.301030,-13.499760,-13.314110
-0.154900,18.301030,-13.499140,-13.314110
0.000000,18.301030,-13.498410,-13.314110
0.176090,18.301030,-13.497200,-13.314110
0.301030,18.301030,-13.496040,-13.314110
0.477120,18.301030,-13.494610,-13.314110
0.698970,18.301030,-13.492270,-13.314110
0.845100,18.301030,-13.490110,-13.314110
1.000000,18.301030,-13.487540,-13.314110
1.176090,18.301030,-13.483420,-13.314110
1.301030,18.301030,-13.479690,-13.314110
1.477120,18.301030,-13.475410,-13.314110
1.698970,18.301030,-13.468900,-13.314110
1.845100,18.301030,-13.463260,-13.314110
2.000000,18.301030,-13.456780,-13.314110
2.176090,18.301030,-13.446070,-13.314110
2.301030,18.301030,-13.435470,-13.314110
2.477120,18.301030,-13.421710,-13.314110
2.698970,18.301030,-13.396970,-13.314110
2.845100,18.301030,-13.371890,-13.314110
3.000000,18.301030,-13.339630,-13.314110
3.176090,18.301030,-13.286550,-13.314110
3.301030,18.301030,-13.245370,-13.314110
3.477120,18.301030,-13.211540,-13.314110
3.698970,18.301030,-13.506620,-13.271090
3.845100,18.301030,-13.506030,-13.271090
4.000000,18.301030,-13.505340,-13.271090
-0.698970,18.698970,-13.504190,-13.271090
-0.522880,18.698970,-13.503100,-13.271090
-0.301030,18.698970,-13.501750,-13.271090
-0.154900,18.698970,-13.499520,-13.271090
0.000000,18.698970,-13.497450,-13.271090
0.176090,18.698970,-13.495000,-13.271090
0.301030,18.698970,-13.491050,-13.271090
0.477120,18.698970,-13.487450,-13.271090
0.698970,18.698970,-13.483300,-13.271090
0.845100,18.698970,-13.476970,-13.271090
1.000000,18.698970,-13.471480,-13.271090
1.176090,18.698970,-13.465170,-13.271090
1.301030,18.698970,-13.454790,-13.271090
1.477120,18.698970,-13.444540,-13.271090
1.698970,18.698970,-13.431210,-13.271090
1.845100,18.698970,-13.407110,-13.271090
2.000000,18.698970,-13.382560,-13.271090
2.176090,18.698970,-13.350860,-13.271090
2.301030,18.698970,-13.298090,-13.271090
2.477120,18.698970,-13.256330,-13.271090
2.698970,18.698970,-13.221400,-13.271090
2.845100,18.698970,-13.528570,-13.212750
3.000000,18.698970,-13.528020,-13.212750
3.176090,18.698970,-13.527370,-13.212750
3.301030,18.698970,-13.526310,-13.212750
3.477120,18.698970,-13.525290,-13.212750
3.698970,18.698970,-13.524040,-13.212750
3.845100,18.698970,-13.521950,-13.212750
4.000000,18.698970,-13.520010,-13.212750
-0.698970,19.000000,-13.517690,-13.212750
-0.522880,19.000000,-13.513950,-13.212750
-0.301030,19.000000,-13.510520,-13.212750
-0.154900,19.000000,-13.506540,-13.212750
0.000000,19.000000,-13.500410,-13.212750
0.176090,19.000000,-13.495070,-13.212750
0.301030,19.000000,-13.488940,-13.212750
0.477120,19.000000,-13.478920,-13.212750
0.698970,19.000000,-13.469070,-13.212750
0.845100,19.000000,-13.456280,-13.212750
1.000000,19.000000,-13.433050,-13.212750
1.176090,19.000000,-13.409270,-13.212750
1.301030,19.000000,-13.378490,-13.212750
1.477120,19.000000,-13.326420,-13.212750
1.698970,19.000000,-13.283960,-13.212750
1.845100,19.000000,-13.247380,-13.212750
2.000000,19.000000,-13.572050,-13.146290
2.176090,19.000000,-13.571540,-13.146290
2.301030,19.000000,-13.570950,-13.146290
2.477120,19.000000,-13.569980,-13.146290
2.698970,19.000000,-13.569050,-13.146290
2.845100,19.000000,-13.567900,-13.146290
3.000000,19.000000,-13.565970,-13.146290
3.176090,19.000000,-13.564160,-13.146290
3.301030,19.000000,-13.562000,-13.146290
3.477120,19.000000,-13.558500,-13.146290
3.698970,19.000000,-13.555270,-13.146290
3.845100,19.000000,-13.551470,-13.146290
4.000000,19.000000,-13.545560,-13.146290
-0.698970,19.301030,-13.540360,-13.146290
-0.522880,19.301030,-13.534390,-13.146290
-0.301030,19.301030,-13.524720,-13.146290
-0.154900,19.301030,-13.515280,-13.146290
0.000000,19.301030,-13.503100,-13.146290
0.176090,19.301030,-13.480950,-13.146290
0.301030,19.301030,-13.458230,-13.146290
0.477120,19.301030,-13.428810,-13.146290
0.698970,19.301030,-13.378200,-13.146290
0.845100,19.301030,-13.335270,-13.146290
1.000000,19.301030,-13.296670,-13.146290
1.176090,19.301030,-13.608200,-13.108160
1.301030,19.301030,-13.607720,-13.108160
1.477120,19.301030,-13.607150,-13.108160
1.698970,19.301030,-13.606230,-13.108160
1.845100,19.301030,-13.605350,-13.108160
2.000000,19.301030,-13.604260,-13.108160
2.176090,19.301030,-13.602430,-13.108160
2.301030,19.301030,-13.600700,-13.108160
2.477120,19.301030,-13.598630,-13.108160
2.698970,19.301030,-13.595270,-13.108160
2.845100,19.301030,-13.592160,-13.108160
3.000000,19.301030,-13.588480,-13.108160
3.176090,19.301030,-13.582710,-13.108160
3.301030,19.301030,-13.577590,-13.108160
3.477120,19.301030,-13.571710,-13.108160
3.698970,19.301030,-13.562240,-13.108160
3.845100,19.301030,-13.553050,-13.108160
4.000000,19.301030,-13.541220,-13.108160
-0.698970,19.698970,-13.519740,-13.108160
-0.522880,19.698970,-13.497660,-13.108160
-0.301030,19.698970,-13.469070,-13.108160
-0.154900,19.698970,-13.419460,-13.108160
0.000000,19.698970,-13.376270,-13.108160
0.176090,19.698970,-13.336270,-13.108160
0.301030,19.698970,-13.651890,-13.073060
0.477120,19.698970,-13.651420,-13.073060
0.698970,19.698970,-13.650880,-13.073060
0.845100,19.698970,-13.650010,-13.073060
1.000000,19.698970,-13.649170,-13.073060
1.176090,19.698970,-13.648140,-13.073060
1.301030,19.698970,-13.646400,-13.073060
1.477120,19.698970,-13.644760,-13.073060
1.698970,19.698970,-13.642780,-13.073060
1.845100,19.698970,-13.639560,-13.073060
2.000000,19.698970,-13.636560,-13.073060
2.176090,19.698970,-13.633010,-13.073060
2.301030,19.698970,-13.627370,-13.073060
2.477120,19.698970,-13.622340,-13.073060
2.698970,19.698970,-13.616550,-13.073060
2.845100,19.698970,-13.607260,-13.073060
3.000000,19.698970,-13.598300,-13.073060
3.176090,19.698970,-13.586820,-13.073060
3.301030,19.698970,-13.566010,-13.073060
3.477120,19.698970,-13.544580,-13.073060
3.698970,19.698970,-13.516830,-13.073060
3.845100,19.698970,-13.468290,-13.073060
4.000000,19.698970,-13.424950,-13.073060
-0.698970,20.000000,-13.383480,-13.073060
-0.522880,20.000000,-13.707080,-13.040460
-0.301030,20.000000,-13.706640,-13.040460
-0.154900,20.000000,-13.706120,-13.040460
0.000000,20.000000,-13.705300,-13.040460
0.176090,20.000000,-13.704510,-13.040460
0.301030,20.000000,-13.703540,-13.040460
0.477120,20.000000,-13.701890,-13.040460
0.698970,20.000000,-13.700330,-13.040460
0.845100,20.000000,-13.698440,-13.040460
1.000000,20.000000,-13.695360,-13.040460
1.176090,20.000000,-13.692490,-13.040460
1.301030,20.000000,-13.689060,-13.040460
1.477120,20.000000,-13.683590,-13.040460
1.698970,20.000000,-13.678660,-13.040460
1.845100,20.000000,-13.672950,-13.040460
2.000000,20.000000,-13.663840,-13.040460
2.176090,20.000000,-13.655110,-13.040460
2.301030,20.000000,-13.644000,-13.040460
2.477120,20.000000,-13.623910,-13.040460
2.698970,20.000000,-13.603180,-13.040460
2.845100,20.000000,-13.576330,-13.040460
3.000000,20.000000,-13.529070,-13.040460
3.176090,20.000000,-13.485710,-13.040460
3.301030,20.000000,-13.442670,-13.040460
3.477120,20.000000,-13.749110,-13.023270
3.698970,20.000000,-13.748680,-13.023270
3.845100,20.000000,-13.748180,-13.023270
4.000000,20.000000,-13.747380,-13.023270
-0.698970,20.301030,-13.746620,-13.023270
-0.522880,20.301030,-13.745690,-13.023270
-0.301030,20.301030,-13.744110,-13.023270
-0.154900,20.301030,-13.742600,-13.023270
0.000000,20.301030,-13.740770,-13.023270
0.176090,20.301030,-13.737780,-13.023270
0.301030,20.301030,-13.734990,-13.023270
0.477120,20.301030,-13.731650,-13.023270
0.698970,20.301030,-13.726290,-13.023270
0.845100,20.301030,-13.721430,-13.023270
1.000000,20.301030,-13.715790,-13.023270
1.176090,20.301030,-13.706790,-13.023270
1.301030,20.301030,-13.698220,-13.023270
1.477120,20.301030,-13.687350,-13.023270
1.698970,20.301030,-13.667750,-13.023270
1.845100,20.301030,-13.647500,-13.023270
2.000000,20.301030,-13.621270,-13.023270
2.176090,20.301030,-13.574940,-13.023270
2.301030,20.301030,-13.531710,-13.023270
2.477120,20.301030,-13.487660,-13.023270
2.698970,20.301030,-13.811510,-13.010900
2.845100,20.301030,-13.811100,-13.010900
3.000000,20.301030,-13.810620,-13.010900
3.176090,20.301030,-13.809860,-13.010900
3.301030,20.301030,-13.809140,-13.010900
3.477120,20.301030,-13.808260,-13.010900
3.698970,20.301030,-13.806760,-13.010900
3.845100,20.301030,-13.805310,-13.010900
4.000000,20.301030,-13.803560,-13.010900
-0.698970,20.698970,-13.800700,-13.010900
-0.522880,20.698970,-13.798020,-13.010900
-0.301030,20.698970,-13.794800,-13.010900
-0.154900,20.698970,-13.789590,-13.010900
0.000000,20.698970,-13.784840,-13.010900
0.176090,20.698970,-13.779290,-13.010900
0.301030,20.698970,-13.770440,-13.010900
0.477120,20.698970,-13.762080,-13.010900
0.698970,20.698970,-13.751540,-13.010900
0.845100,20.698970,-13.732630,-13.010900
1.000000,20.698970,-13.713060,-13.010900
1.176090,20.698970,-13.687670,-13.010900
1.301030,20.698970,-13.642720,-13.010900
1.477120,20.698970,-13.599890,-13.010900
1.698970,20.698970,-13.554650,-13.010900
1.845100,20.698970,-13.894480,-13.024000
2.000000,20.698970,-13.894100,-13.024000
2.176090,20.698970,-13.893640,-13.024000
2.301030,20.698970,-13.892920,-13.024000
2.477120,20.698970,-13.892240,-13.024000
2.698970,20.698970,-13.891410,-13.024000
2.845100,20.698970,-13.890010,-13.024000
3.000000,20.698970,-13.888650,-13.024000
3.176090,20.698970,-13.886990,-13.024000
3.301030,20.698970,-13.884260,-13.024000
3.477120,20.698970,-13.881710,-13.024000
3.698970,20.698970,-13.878640,-13.024000
3.845100,20.698970,-13.873630,-13.024000
4.000000,20.698970,-13.869020,-13.024000
-0.698970,21.000000,-13.863590,-13.024000
-0.522880,21.000000,-13.854930,-13.024000
-0.301030,21.000000,-13.846820,-13.024000
-0.154900,21.000000,-13.836670,-13.024000
0.000000,21.000000,-13.818590,-13.024000
0.176090,21.000000,-13.799880,-13.024000
0.301030,21.000000,-13.775560,-13.024000
0.477120,21.000000,-13.732400,-13.024000
0.698970,21.000000,-13.690410,-13.024000
0.845100,21.000000,-13.644130,-13.024000
1.000000,21.000000,-13.951210,-13.053420
1.176090,21.000000,-13.950840,-13.053420
1.301030,21.000000,-13.950400,-13.053420
1.477120,21.000000,-13.949700,-13.053420
1.698970,21.000000,-13.949050,-13.053420
1.845100,21.000000,-13.948250,-13.053420
2.000000,21.000000,-13.946900,-13.053420
2.176090,21.000000,-13.945590,-13.053420
2.301030,21.000000,-13.944000,-13.053420
2.477120,21.000000,-13.941360,-13.053420
2.698970,21.000000,-13.938880,-13.053420
2.845100,21.000000,-13.935910,-13.053420
3.000000,21.000000,-13.931030,-13.053420
3.176090,21.000000,-13.926510,-13.053420
3.301030,21.000000,-13.921170,-13.053420
3.477120,21.000000,-13.912640,-13.053420
3.698970,21.000000,-13.904680,-13.053420
3.845100,21.000000,-13.894780,-13.053420
4.000000,21.000000,-13.877230,-13.053420
-0.698970,21.301030,-13.859100,-13.053420
-0.522880,21.301030,-13.835480,-13.053420
-0.301030,21.301030,-13.793530,-13.053420
-0.154900,21.301030,-13.752280,-13.053420
0.000000,21.301030,-13.705630,-13.053420
0.176090,21.301030,-14.012290,-13.105400
0.301030,21.301030,-14.011930,-13.105400
0.477120,21.301030,-14.011510,-13.105400
0.698970,21.301030,-14.010830,-13.105400
0.845100,21.301030,-14.010210,-13.105400
1.000000,21.301030,-14.009440,-13.105400
1.176090,21.301030,-14.008150,-13.105400
1.301030,21.301030,-14.006900,-13.105400
1.477120,21.301030,-14.005360,-13.105400
1.698970,21.301030,-14.002810,-13.105400
1.845100,21.301030,-14.000430,-13.105400
2.000000,21.301030,-13.997540,-13.105400
2.176090,21.301030,-13.992810,-13.105400
2.301030,21.301030,-13.988400,-13.105400
2.477120,21.301030,-13.983180,-13.105400
2.698970,21.301030,-13.974790,-13.105400
2.845100,21.301030,-13.967000,-13.105400
3.000000,21.301030,-13.957360,-13.105400
3.176090,21.301030,-13.940380,-13.105400
3.301030,21.301030,-13.922880,-13.105400
3.477120,21.301030,-13.900030,-13.105400
3.698970,21.301030,-13.859400,-13.105400
3.845100,21.301030,-13.819120,-13.105400
4.000000,21.301030,-13.772400,-13.105400
