B_0_vac,B_m,N_rho,Rev_per_vol_opt,n_20_opt,E_b100_opt,P_nbi_opt,NWL_at_opt_Rev_per_vol,a_0_opt,a_0_limit_opt,L_mirror_opt,V_plasma_opt,a_w_opt,B_w_opt,q_w_opt
2.5,22,10,,,,,,,,,,,,
2.75,22,10,,,,,,,,,,,,
3.0,22,10,2033468015.9150639,2.4163326653306614,0.29218436873747494,14.859402736685306,0.5017067987749085,0.12354438430522784,adiab,3.0,0.0919198617953911,0.7177431484628563,0.07004949164907673,4.202853606782791
3.25,22,10,2798257142.1688294,2.7107444054776213,0.2841683366733467,13.739308591221546,0.5018230289656177,0.1016914181329736,DCLC,3.0,0.06301172145253148,0.6326142793471591,0.06908191076316067,4.993537826487717
3.5,22,10,3226183211.081052,2.5544839679358713,0.3322645290581162,11.49399353276108,0.5414225065567726,0.10001468026598702,DCLC,3.0,0.06154265685626876,0.6273771747211452,0.07469963660097652,4.265377717264268
3.75,22,10,3656164736.326485,2.7626189879759515,0.3683366733466934,13.404441891136063,0.7134931344893629,0.1,eng,3.0,0.061865137334393305,0.6273671508501274,0.07865004573132453,4.987374273224537
4.0,22,10,4122825433.939724,2.7715430861723442,0.41843687374749494,13.266226819657403,0.8150148457686454,0.1,eng,3.0,0.0623024566382846,0.627378121956145,0.08382845715250453,4.952982609027056
4.25,22,10,4592188810.225421,2.791718854375417,0.47054108216432866,13.28777345393512,0.9118382480893839,0.1,eng,3.0,0.06272615306102097,0.627517537902473,0.08889457792801723,4.974081889695749
4.5,22,10,5046253525.8163595,2.8034819639278554,0.5266533066132264,13.244688762340312,0.9950585014798621,0.1,eng,3.0,0.06314464772097544,0.6274149129217087,0.0940456920025248,4.973503271479586
4.75,22,10,5036377921.437746,2.8182615230460923,0.5847695390781562,13.274944210959353,1.0662239102956697,0.1,eng,3.0,0.06355871277184426,0.6276984178351563,0.09909890819211067,4.991688547401136
5.0,22,10,5004987417.394498,2.8116232464929856,0.6488977955911823,13.09811660307958,1.1134317150590367,0.1,eng,3.0,0.06397660011625148,0.6275958241029254,0.1043913822578597,4.937045295106612
5.25,22,10,4975316829.33094,2.8279371242484963,0.7130260521042084,13.198986725076796,1.1639698442400872,0.1,eng,3.0,0.06437617909433484,0.6277643972466099,0.10942818546674705,4.9796243252145445
5.5,22,10,4945098469.488856,2.8371325985303937,0.7791583166332665,13.272553762930645,1.1999042764342738,0.1,eng,3.0,0.06478455119845689,0.6286064944864521,0.11439034085439291,4.999282026872854
5.75,22,10,,,,,,,,,,,,
6.0,22,10,,,,,,,,,,,,
6.25,22,10,,,,,,,,,,,,
6.5,22,10,,,,,,,,,,,,
6.75,22,10,,,,,,,,,,,,
7.0,22,10,,,,,,,,,,,,
2.5,25,10,,,,,,,,,,,,
2.75,25,10,,,,,,,,,,,,
3.0,25,10,2101873551.5577285,2.5375751503006008,0.27815631262525053,14.59674938739776,0.5006236182728654,0.12043382960620563,adiab,3.0,0.08637032031166322,0.7083989618165984,0.06834723645097668,4.236949172808801
3.25,25,10,2887774902.514535,2.8129801269205075,0.2741482965931864,13.250121707158158,0.5017417400720412,0.1,eng,3.0,0.060193086452259806,0.627538326720776,0.06785303447660486,4.89479842961101
3.5,25,10,3317652133.261244,2.628507014028056,0.3282565130260521,11.068785623282901,0.5623501650236338,0.10001884401465053,DCLC,3.0,0.06072312711164198,0.6273902338724547,0.0742477290259814,4.112902983377366
3.75,25,10,3770593271.254256,2.830786573146292,0.36432865731462927,12.753608335971107,0.7369719687823001,0.10005276673274119,DCLC,3.0,0.06107410541801685,0.6274966187140695,0.07822096426621863,4.751188972592436
4.0,25,10,4276084477.640861,2.8851035404141614,0.41042084168336673,13.017298211934161,0.8631890105910719,0.1,eng,3.0,0.06138373238781848,0.6273503748900752,0.08302161973223908,4.868962932443637
4.25,25,10,4801519849.858874,2.9355794923179688,0.46052104208416833,13.332317248810343,0.9895843090989157,0.10027079808633861,DCLC,3.0,0.06207375320517179,0.6281799555558817,0.08794299220514594,4.990607657791539
4.5,25,10,5151132156.024178,2.9525300601202398,0.512625250501002,13.248576397747392,1.0779493070422899,0.1,eng,3.0,0.062129486425621244,0.6278299708498535,0.09278472737700642,4.979469965696138
4.75,25,10,5122302415.543024,2.9697833166332663,0.5687374749498998,13.24487691184461,1.160840367087221,0.1,eng,3.0,0.06250336388011192,0.6282376450353574,0.09773101776641246,4.985015526096988
5.0,25,10,5094208856.665372,2.981462925851703,0.6288577154308617,13.202891570827925,1.227583066469673,0.1,eng,3.0,0.06287024457512622,0.6282596641696554,0.10276676737007273,4.980365132228977
5.25,25,10,5067643106.614791,2.9960232965931857,0.6929859719438878,13.198991267200219,1.2869354859424869,0.1,eng,3.0,0.0632205646468662,0.6275774211580264,0.10787944920388151,4.999630306310482
5.5,25,10,5039768234.688126,2.999916499665998,0.7591182364729459,13.143498038482857,1.3245875178152275,0.1,eng,3.0,0.06358671616502236,0.6279778940034848,0.11290968898536674,4.979655163535867
5.75,25,10,5012836175.171687,2.9970566132264524,0.8312625250501002,13.026588030441793,1.3469738245961145,0.1,eng,3.0,0.06394172060855847,0.6275196708193652,0.11815323032915874,4.9485989045263095
6.0,25,10,4985438251.190529,2.9919839679358713,0.9054108216432866,12.93263517942457,1.3580626911695268,0.1,eng,3.0,0.06430320778178132,0.6277075711644913,0.12331029571394031,4.913936135378053
6.25,25,10,4959125126.013613,2.9898651469605877,0.983567134268537,12.884780799948633,1.3639018488717025,0.1,eng,3.0,0.06465246648071771,0.627449415928783,0.12852230414875843,4.902181551486739
6.5,25,10,,,,,,,,,,,,
6.75,25,10,,,,,,,,,,,,
7.0,25,10,,,,,,,,,,,,
2.5,28,10,,,,,,,,,,,,
2.75,28,10,,,,,,,,,,,,
3.0,28,10,2145504220.169547,2.614729458917836,0.27014028056112227,14.243353917023734,0.500943257407576,0.11899747992367768,adiab,3.0,0.08353834520369827,0.7048900000887013,0.06735520651650427,4.176097707927305
3.25,28,10,2953118531.512999,2.8129801269205075,0.2741482965931864,12.227289573122292,0.5001370196645815,0.1,eng,3.0,0.05959303709423727,0.627538326720776,0.06785303447660486,4.522010491767565
3.5,28,10,3394294819.6314106,2.70253006012024,0.32424849699398794,10.829797798457088,0.5836054632545957,0.10002338616087081,DCLC,3.0,0.06005602861032436,0.627404479517138,0.07379305402755175,4.028309841608059
3.75,28,10,3868314147.117945,2.8600012525050094,0.3623246492985972,11.955852452574923,0.744561891720267,0.10000425319691889,DCLC,3.0,0.0603393989544022,0.6273444701440468,0.07800553845295768,4.463409649529702
4.0,28,10,4405647558.055889,3.0327321309285233,0.4004008016032064,13.34219500331722,0.929704480045733,0.10011636459448482,DCLC,3.0,0.06075405813123429,0.6276960190145083,0.08200190995311354,4.990820060947983
4.25,28,10,4969272767.507672,3.053283650634602,0.450501002004008,13.256981662571038,1.0460350215445664,0.10015058879437169,DCLC,3.0,0.06114396109654026,0.62780329697309,0.08698099660838791,4.976342868167315
4.5,28,10,5220680268.359267,3.071768537074148,0.5026052104208416,13.150342918095209,1.146562119180248,0.1,eng,3.0,0.06130876610183493,0.6274026730437944,0.09187344299317093,4.959526525475855
4.75,28,10,5193805366.082929,3.104469355377421,0.5547094188376753,13.269648524862324,1.2452258937387257,0.1,eng,3.0,0.061651644075635476,0.6286840470750591,0.09651821218739223,4.998184041337189
5.0,28,10,5168323065.882507,3.1135604542418163,0.6148296593186373,13.137345043692113,1.319551378916742,0.1,eng,3.0,0.06197998554409421,0.6280040912711723,0.10161408330485636,4.9729632821038585
5.25,28,10,5142674516.476068,3.122087925851703,0.6769539078156313,13.042230001701219,1.3788347789179747,0.1,eng,3.0,0.062310459144527874,0.6279317049228198,0.10662426454294212,4.949329572737901
5.5,28,10,5117095158.582356,3.139445557782231,0.7390781563126252,13.077817421246706,1.4335716966073897,0.1,eng,3.0,0.0626411751851816,0.6286938859656954,0.11140936070528505,4.959338743041392
5.75,28,10,5091904229.989465,3.1506763527054105,0.8052104208416833,13.071974184712484,1.4730678295533792,0.1,eng,3.0,0.06296739559502018,0.6291239504812073,0.1162870068365323,4.957234013143907
6.0,28,10,5067505337.972377,3.160320641282565,0.8753507014028055,13.065102779135307,1.5013807719605072,0.1,eng,3.0,0.06328424327522261,0.6290808422675146,0.1212460337827242,4.960500887959186
6.25,28,10,5042750142.367669,3.1735450066800266,0.9454909819639279,13.137545694293772,1.5248952479301658,0.1,eng,3.0,0.06360650695088861,0.6298779632876319,0.12601005300008125,4.978461829053548
6.5,28,10,5018863437.235649,3.1628674014696054,1.0276553106212425,12.967620586850591,1.5182818903636086,0.1,eng,3.0,0.06391538661761403,0.6287990185959247,0.13137122034346882,4.933675816077711
6.75,28,10,4994552485.642699,3.162449899799599,1.107815631262525,12.951103513362305,1.5149615248125756,0.1,eng,3.0,0.06423166839723611,0.6289599918782551,0.13639870377162674,4.925361302430091
7.0,28,10,4954290812.373327,3.2179358717434865,1.1178356713426854,13.93519393609864,1.5727372540903701,0.1,eng,3.0,0.06476569993260814,0.6472839308738475,0.13701416896651952,4.996534829009267
2.5,22,12,,,,,,,,,,,,
2.75,22,12,,,,,,,,,,,,
3.0,22,12,,,,,,,,,,,,
3.25,22,12,2083172414.4040112,2.3972215263861054,0.29819639278557114,14.963581225645164,0.5021356006154523,0.12146310467187324,DCLC,3.0,0.09015465111104892,0.7573727068629775,0.07076649591789644,3.8001287898768985
3.5,22,12,2475273596.81795,2.5791583166332663,0.2901803607214429,14.848243007999779,0.5001410744368497,0.10816830162721455,DCLC,3.0,0.07226331583143356,0.7147225211698292,0.06980885372854133,4.22721126802289
3.75,22,12,2858223370.0776143,2.704189629258517,0.294188376753507,14.69901418421524,0.5201880373528756,0.10001296238840648,DCLC,3.0,0.062360014654943535,0.6872513590391774,0.0702893057420207,4.52439833966436
4.0,22,12,3201657052.4883175,2.7374749498997994,0.3342685370741483,14.870532440927011,0.6318283973771791,0.1001562515972105,DCLC,3.0,0.06299009712091934,0.6877434975314672,0.07492456826515013,4.584625607121633
4.25,22,12,3589497589.7021375,2.7655623747494986,0.37635270541082166,14.994880270484108,0.7384510738159414,0.10017238804660603,DCLC,3.0,0.06345728495074257,0.6877988974241712,0.07950126149404307,4.635685132748292
4.5,22,12,3998475645.4198356,2.7736723446893783,0.42444889779559114,14.99931804481025,0.8391543741844745,0.10065137281890935,DCLC,3.0,0.06450608302850919,0.6894413276599042,0.08442852534998385,4.628886319665485
4.75,22,12,4407646149.314454,2.784590013360053,0.4725450901803607,14.989501245265295,0.9238244891653994,0.10067632362967566,DCLC,3.0,0.0649806906674947,0.68952677634122,0.08908367530811426,4.636295026336475
5.0,22,12,4803830186.50343,2.792752171008684,0.5226452905811623,14.96146410446354,0.9969688643575885,0.1006079870764594,DCLC,3.0,0.06533162799484556,0.6892927199106275,0.09368714821912005,4.64096983825449
5.25,22,12,4924836528.854033,2.8069263527054105,0.5687374749498998,14.96621454651807,1.0527926965803007,0.1,eng,3.0,0.06498926860345594,0.6879320196776302,0.09773101776641246,4.667845991599901
5.5,22,12,4894784737.421323,2.8138777555110215,0.6248496993987975,14.975403058623755,1.1076679941118337,0.1,eng,3.0,0.06540806154188736,0.6875042736620798,0.10243875259340217,4.684197787035126
5.75,22,12,,,,,,,,,,,,
6.0,22,12,,,,,,,,,,,,
6.25,22,12,,,,,,,,,,,,
6.5,22,12,,,,,,,,,,,,
6.75,22,12,,,,,,,,,,,,
7.0,22,12,,,,,,,,,,,,
2.5,25,12,,,,,,,,,,,,
2.75,25,12,,,,,,,,,,,,
3.0,25,12,1564744167.337651,2.0636272545090177,0.3402805611222445,14.965503286352662,0.5003430498652165,0.15037939767170394,DCLC,3.609105544120895,0.1500441761277746,0.8427167617359965,0.07559534770025682,3.0933493471646547
3.25,25,12,2158379962.050297,2.547167251169004,0.2801603206412826,14.90158478729653,0.5004106648412621,0.11766664314946279,DCLC,3.0,0.08356979335574033,0.7454424897316646,0.06859300220785579,3.903969709959097
3.5,25,12,2571932946.5733733,2.7601035404141614,0.27214428857715434,14.961871695213526,0.5028479838271784,0.1048423747494793,DCLC,3.0,0.06699274586463347,0.7036486947702518,0.06760457873755396,4.391953991804333
3.75,25,12,2947244602.8290663,2.7723572144288573,0.29218436873747494,13.953109560510455,0.5387829398967204,0.10002423892880029,DCLC,3.0,0.061490851474984065,0.6872901020135311,0.07004949164907673,4.299462825780909
4.0,25,12,3322193511.798876,2.8851035404141614,0.33026052104208414,14.959327889830117,0.6894499924842095,0.10039065901641189,DCLC,3.0,0.06232192011834605,0.6885478305613004,0.07447402558554732,4.607491947861907
4.25,25,12,3752247515.1277256,2.830953573814295,0.40240480961923847,14.997756289423835,0.8668131991375037,0.1057210743628467,DCLC,3.0,0.0694730523074503,0.706591234610225,0.08220686380929355,4.4136083782078055
4.5,25,12,4210470794.4624357,2.9078156312625243,0.4264529058116232,14.999373446770857,0.933089057756557,0.1020451805647529,DCLC,3.0,0.06520029191765903,0.6941985639418856,0.08462760255480514,4.578099389654237
4.75,25,12,4673685217.197963,2.952947561790247,0.46052104208416833,14.95641438517196,1.0072546440976322,0.10009507429810025,DCLC,3.0,0.0631596965992243,0.687533422194726,0.08794299220514594,4.662009131297367
5.0,25,12,5044874092.172575,2.962591850367401,0.5086172344689379,14.881662172782805,1.0882193225041032,0.1,eng,3.0,0.0634343658999943,0.6874377170463504,0.09242129187380478,4.6515017827632255
5.25,25,12,5015952676.551664,2.9750125250501,0.5587174348697395,14.893664323743485,1.1631099985035223,0.1,eng,3.0,0.06382274174526983,0.6880194590775385,0.09686627755133806,4.657505985433914
5.5,25,12,4988073624.554436,2.9766616566466264,0.6148296593186373,14.76896964492185,1.2222085753550267,0.1,eng,3.0,0.0642011085216034,0.6873114047302304,0.10161408330485636,4.637545718654961
5.75,25,12,4960628858.126034,2.9970566132264524,0.668937875751503,14.91879698725945,1.2829009782323373,0.1,eng,3.0,0.06457636174635573,0.6879166207977934,0.10599109822866508,4.683225757218902
6.0,25,12,4933092562.910029,2.9919839679358713,0.729058116232465,14.794810168313012,1.3155346854219143,0.1,eng,3.0,0.064953274417601,0.6878135484612109,0.1106515682028698,4.651951830342523
6.25,25,12,4906329387.684647,2.9898651469605877,0.7931863727454909,14.7105930599689,1.3420601865971211,0.10000128625757862,DCLC,3.0,0.06532226812994651,0.6872112408844534,0.1154154956259884,4.638642910349143
6.5,25,12,,,,,,,,,,,,
6.75,25,12,,,,,,,,,,,,
7.0,25,12,,,,,,,,,,,,
2.5,28,12,,,,,,,,,,,,
2.75,28,12,,,,,,,,,,,,
3.0,28,12,1676575221.3330042,2.278557114228457,0.3022044088176353,14.983021851277655,0.5016993285593723,0.1398460783322026,DCLC,3.3563058799728624,0.12325321307347467,0.8126669682361776,0.07124048980249954,3.3190536994853153
3.25,28,12,2217357736.602184,2.6698501169004674,0.2681362725450902,14.84535383845841,0.50203648015168,0.11523330938983746,DCLC,3.0,0.0793283406821968,0.7376943869793501,0.06710490759608975,3.970045393945435
3.5,28,12,2652542242.5402875,2.891700066800267,0.26012024048096194,14.810411268206868,0.5014387793598537,0.10253380896302611,DCLC,3.0,0.06338139477876119,0.6958586131537261,0.06609423377175175,4.443968733568659
3.75,28,12,3023172873.1000037,2.840524799599198,0.2901803607214429,13.472490004167984,0.557912904271511,0.10003596860757023,DCLC,3.0,0.0607861493615361,0.6873303995247804,0.06980885372854133,4.15512560258918
4.0,28,12,3424760186.348265,3.01002004008016,0.32424849699398794,14.905848416128977,0.7280828221133134,0.10001236822260134,DCLC,3.0,0.06109277561514443,0.6872493175944796,0.07379305402755175,4.612547260265663
4.25,28,12,3898084817.667308,2.8832665330661316,0.4224448897795591,14.994509522995669,0.9764552730712557,0.1104241655791532,DCLC,3.0,0.0747266151389172,0.7221368792071499,0.08422897762273786,4.2423526434974175
4.5,28,12,4393678114.474616,2.9674348697394786,0.44849699398797593,14.996868007600025,1.0522100732740007,0.10661084683247535,DCLC,3.0,0.07013010821327276,0.7095584203741323,0.08678731790755602,4.400513719237732
4.75,28,12,4901720844.975302,3.087633600534402,0.4565130260521042,14.972568880878228,1.0927430456971263,0.1005094097258257,DCLC,3.0,0.06279446196001,0.6889549470131984,0.08755946228245107,4.657983564396055
5.0,28,12,5119131940.306164,3.1135604542418163,0.5006012024048097,14.940459482396145,1.1832612633991055,0.1,eng,3.0,0.0625243058801958,0.6874204662885639,0.09169009928022893,4.680479427431735
5.25,28,12,5092174805.3878145,3.122087925851703,0.5507014028056112,14.847955361283695,1.2633003170992856,0.1,eng,3.0,0.06287964660870965,0.6877522736660353,0.09616888707398087,4.658779245937987
5.5,28,12,5066200505.300394,3.139445557782231,0.6028056112224449,14.867911375091921,1.3402188345352062,0.1,eng,3.0,0.06322579453451022,0.6879563850887003,0.10061555842651339,4.672524982358501
5.75,28,12,5040848534.854438,3.1506763527054105,0.6589178356713427,14.830203245968614,1.4018995627343005,0.1,eng,3.0,0.06356572299008417,0.6876207577149733,0.10519428119775596,4.674221892399309
6.0,28,12,5015722972.340068,3.160320641282565,0.7170340681362726,14.80835243222502,1.4516642358018532,0.1,eng,3.0,0.06390364995540902,0.6875076245397415,0.10973530980202853,4.67619424255568
6.25,28,12,4991131504.644163,3.1735450066800266,0.7771543086172343,14.84824034497304,1.4954590845921245,0.1,eng,3.0,0.06423621445138888,0.6874327414458601,0.11424313922237517,4.695608475918331
6.5,28,12,4965717341.462085,3.1628674014696054,0.8412825651302605,14.675355832451675,1.5086632812801766,0.1,eng,3.0,0.06457728732613517,0.6875098733110869,0.11886320685654243,4.6445134699000254
6.75,28,12,4942768075.945336,3.1984907314629254,0.9034068136272544,14.996689886720967,1.5573646699510058,0.1,eng,3.0,0.06489351030073018,0.6876186727108073,0.1231737545407227,4.7473529622814885
7.0,28,12,4917603970.735234,3.1790247160988643,0.9735470941883766,14.781686799273695,1.5469904191381105,0.1,eng,3.0,0.065231913343336,0.68763153374175,0.12786597106619102,4.681311825839891
2.5,22,15,,,,,,,,,,,,
2.75,22,15,,,,,,,,,,,,
3.0,22,15,,,,,,,,,,,,
3.25,22,15,,,,,,,,,,,,
3.5,22,15,,,,,,,,,,,,
3.75,22,15,,,,,,,,,,,,
4.0,22,15,1741702361.2085805,1.7949231796927188,0.49258517034068133,14.935879497538389,0.5000513439071251,0.1509979532322314,DCLC,4.529938596966942,0.18374669339816335,0.9441217407154292,0.09095302864893208,2.4778797062338644
4.25,22,15,2223689508.0559063,2.1901198229792915,0.3683366733466934,14.966208581831765,0.5008479829248829,0.11915102453722597,DCLC,3.574530736116779,0.09976131642263161,0.838670483806782,0.07865004573132453,3.1096987843640025
4.5,22,15,2647676281.8214397,2.4457665330661316,0.32424849699398794,14.986361665315519,0.5005368535021277,0.10414180715543532,DCLC,3.12425421466306,0.0711302466645112,0.7840703353847798,0.07379305402755175,3.546130215169547
4.75,22,15,2965844253.3130326,2.5152179358717435,0.33627254509018034,14.794175499681167,0.5425904359929159,0.10007800928419372,DCLC,3.0023402785258115,0.0647419871413081,0.7686202057566716,0.07514882667826782,3.643851641189776
5.0,22,15,3236073625.8272448,2.5285571142284566,0.37234468937875753,14.867281108324542,0.61680498329657,0.10008378345394879,DCLC,3.0025135036184634,0.06520414557263063,0.7686423788572472,0.07907679897632319,3.6694201432535434
5.25,22,15,3514602153.4378667,2.53378632264529,0.41042084168336673,14.865712604473703,0.6828662867023033,0.1000891596049415,DCLC,3.0026747881482447,0.06566198017608932,0.7686630229708755,0.08302161973223908,3.6760953826610727
5.5,22,15,3794206685.8018165,2.534819639278557,0.450501002004008,14.837681375554517,0.7422403368069885,0.10010082488928515,DCLC,3.0030247466785545,0.06612617412507826,0.7687078150917904,0.08698099660838791,3.67547558476136
5.75,22,15,,,,,,,,,,,,
6.0,22,15,,,,,,,,,,,,
6.25,22,15,,,,,,,,,,,,
6.5,22,15,,,,,,,,,,,,
6.75,22,15,,,,,,,,,,,,
7.0,22,15,,,,,,,,,,,,
2.5,25,15,,,,,,,,,,,,
2.75,25,15,,,,,,,,,,,,
3.0,25,15,,,,,,,,,,,,
3.25,25,15,,,,,,,,,,,,
3.5,25,15,,,,,,,,,,,,
3.75,25,15,,,,,,,,,,,,
4.0,25,15,2010890559.753986,2.1696726786907146,0.36432865731462927,14.946663544053989,0.5019008286531831,0.1275544792293951,DCLC,3.826634376881853,0.11641505652447878,0.8677414140305861,0.07822096426621863,2.908712474624873
4.25,25,15,2420628835.5946155,2.4647628590514357,0.31623246492985974,14.99349909212287,0.5032204952907331,0.10997259781109316,DCLC,3.2991779343327945,0.07989790686856965,0.805721050525202,0.07287519425091366,3.365072527600213
4.5,25,15,2831730135.1545815,2.669338677354709,0.29819639278557114,14.995175151168604,0.5186492971175182,0.1,eng,3.0028444982740603,0.0631314694301776,0.7686847449461722,0.07076649591789644,3.6886422118143605
4.75,25,15,3113337930.5474143,2.683575484301937,0.3322645290581162,14.969319358759094,0.6043767053158218,0.1,eng,3.001257874188799,0.06352783206078058,0.7684816417091349,0.07469963660097652,3.6933943103835465
5.0,25,15,3423836355.245686,2.698396793587174,0.3683366733466934,14.987532586828822,0.6892445712404045,0.10003908307472348,DCLC,3.0011724922417047,0.06398498681966476,0.7684707104715849,0.07865004573132453,3.707019316876555
5.25,25,15,3743143091.126753,2.7018724949899795,0.4064128256513026,14.913136247653009,0.7639820826179756,0.10009864444530576,DCLC,3.002959333359173,0.0644887732713602,0.7686994428658033,0.08261524617261709,3.6949539897555197
5.5,25,15,4061331834.938096,2.6976035404141614,0.44649298597194387,14.769949206382398,0.828331861588817,0.10014396586182306,DCLC,3.0043189758546918,0.06496737462389562,0.7688734442484964,0.08659320601632672,3.6657161978933535
5.75,25,15,4392836445.872262,2.7154204241816964,0.49058116232464927,14.978157010901862,0.9050235527740118,0.100523199359965,DCLC,3.0156959807989496,0.06598924287151464,0.7703278855498376,0.09076782579202979,3.711224465685149
6.0,25,15,4689842650.78876,2.7114228456913825,0.5306613226452905,14.774781041439086,0.9490251474226067,0.10011426141892897,DCLC,3.003427842567869,0.06570763078797251,0.768759405169955,0.09440287404012733,3.681308501267727
6.25,25,15,4853976498.517275,2.714345357381429,0.574749498997996,14.74259116971441,0.9952488545257054,0.10001521260634724,DCLC,3.0004563781904174,0.0659316934098597,0.7683790220553353,0.09824620856736616,3.682194019564684
6.5,25,15,,,,,,,,,,,,
6.75,25,15,,,,,,,,,,,,
7.0,25,15,,,,,,,,,,,,
2.5,28,15,,,,,,,,,,,,
2.75,28,15,,,,,,,,,,,,
3.0,28,15,,,,,,,,,,,,
3.25,28,15,,,,,,,,,,,,
3.5,28,15,,,,,,,,,,,,
3.75,28,15,1752997431.3686743,2.0419902304609217,0.38436873747494993,14.923255194170446,0.5007057627934149,0.1425362458278564,DCLC,4.276087374835693,0.15282385603669182,0.9172867625195038,0.08034345937753111,2.6124116118249616
4.0,28,15,2142360515.4006546,2.3967935871743484,0.32024048096192387,14.997613291052136,0.5033941063779919,0.11910414417410613,DCLC,3.5731243252231835,0.0962672721471513,0.8385054787424082,0.07333556013224954,3.1162152971823707
4.25,28,15,2574725603.252608,2.6740146960587836,0.2881763527054108,14.971817092166075,0.5056828915395627,0.10485041616327898,DCLC,3.145512484898369,0.06980027841978025,0.7867333263939376,0.06956738343140184,3.5188557238369076
4.5,28,15,2929755382.8134956,2.7885771543086166,0.2961923847695391,14.89479598055867,0.5579100530628871,0.1,eng,3.0022179387064285,0.06227297187080116,0.7686045456704791,0.07052830441104095,3.6686249851556645
4.75,28,15,3243041294.745281,2.8182615230460923,0.33026052104208414,14.998992306524453,0.6586241382895643,0.10007725662385351,DCLC,3.0023176987156055,0.06274735970745866,0.768617315456208,0.07447402558554732,3.7043849023461446
5.0,28,15,3582136714.306582,2.8304943219772873,0.36633266533066133,14.958698459663257,0.7502677491833161,0.1001863498159469,DCLC,3.005590494478407,0.06329853283161367,0.7690361322806274,0.07843579840951609,3.7004603877628663
5.25,28,15,3945856018.279557,2.848947895791583,0.40240480961923847,14.948087918739912,0.8366228280591763,0.1000321988851096,DCLC,3.000965966553288,0.06342162793860218,0.768444268860281,0.08220686380929355,3.712572587326384
5.5,28,15,4314394763.506258,2.860387441549766,0.44248496993987974,14.956090245499691,0.9190788345564979,0.10018914809412044,DCLC,3.0056744428236137,0.06404146617337567,0.7690468720770229,0.08620367095074091,3.717851833012266
5.75,28,15,4680659190.184779,2.869040163660654,0.48456913827655307,14.95280634173569,0.9939111284304348,0.10033910933477724,DCLC,3.0101732800433174,0.06464931592452589,0.7696222043490931,0.09020993589848451,3.7199414497992667
6.0,28,15,4962389277.335801,2.851703406813627,0.5246492985971944,14.591068412134854,1.0349947156641244,0.1,eng,3.001977042212676,0.06448686923052682,0.7685737088261473,0.09386659130293676,3.6464034344201046
6.25,28,15,4936843172.143764,2.8674119071476283,0.5687374749498998,14.668333121320083,1.0971431456084864,0.1,eng,3.002000543204385,0.064839436171314,0.7685767172117469,0.09773101776641246,3.6719863951488674
6.5,28,15,4913028973.540471,2.8966683366733466,0.6148296593186373,14.895771235336275,1.1643351072909032,0.10000853540054659,DCLC,3.0002560620163976,0.06517316804594145,0.7683533724048226,0.10161408330485636,3.736682732298247
6.75,28,15,4886518918.953282,2.8380824148296586,0.6649298597194389,14.226408825332824,1.154712849699917,0.1,eng,3.000947690316786,0.06553642558763023,0.7684419288986261,0.10567309241673652,3.5728614365546925
7.0,28,15,4861140490.982494,2.906646626586506,0.7110220440881763,14.939058222775174,1.2393720965587867,0.1,eng,3.0038488276208253,0.06589943012933083,0.7688132810903663,0.10927429960033419,3.7515541802518078
2.5,22,18,,,,,,,,,,,,
2.75,22,18,,,,,,,,,,,,
3.0,22,18,,,,,,,,,,,,
3.25,22,18,,,,,,,,,,,,
3.5,22,18,,,,,,,,,,,,
3.75,22,18,,,,,,,,,,,,
4.0,22,18,,,,,,,,,,,,
4.25,22,18,,,,,,,,,,,,
4.5,22,18,,,,,,,,,,,,
4.75,22,18,,,,,,,,,,,,
5.0,22,18,,,,,,,,,,,,
5.25,22,18,,,,,,,,,,,,
5.5,22,18,,,,,,,,,,,,
5.75,22,18,,,,,,,,,,,,
6.0,22,18,,,,,,,,,,,,
6.25,22,18,,,,,,,,,,,,
6.5,22,18,,,,,,,,,,,,
6.75,22,18,,,,,,,,,,,,
7.0,22,18,,,,,,,,,,,,
2.5,25,18,,,,,,,,,,,,
2.75,25,18,,,,,,,,,,,,
3.0,25,18,,,,,,,,,,,,
3.25,25,18,,,,,,,,,,,,
3.5,25,18,,,,,,,,,,,,
3.75,25,18,,,,,,,,,,,,
4.0,25,18,,,,,,,,,,,,
4.25,25,18,,,,,,,,,,,,
4.5,25,18,,,,,,,,,,,,
4.75,25,18,,,,,,,,,,,,
5.0,25,18,,,,,,,,,,,,
5.25,25,18,,,,,,,,,,,,
5.5,25,18,2418630415.6640854,2.1162324649298596,0.43046092184368734,14.993258073190114,0.5002970897364755,0.11545933009811418,DCLC,4.1565358835321105,0.10493777655297787,0.9043730413739998,0.08502435860961521,2.6864579108146223
5.75,25,18,2735726124.482754,2.305767785571142,0.38436873747494993,14.999238505083841,0.501449215171144,0.10365686138621398,DCLC,3.731647009903704,0.0796960328038844,0.8569038983548607,0.08034345937753111,2.980760928896901
6.0,25,18,2974465295.629335,2.3466933867735467,0.39639278557114227,14.807644905346711,0.5277847012459326,0.1006862633727673,DCLC,3.624705481419623,0.0743620236286188,0.8445360703201328,0.08159045773346386,3.03004661599101
6.25,25,18,3179802735.4130206,2.3469856379425513,0.43046092184368734,14.787113889638942,0.570355609244562,0.10073168248261516,DCLC,3.626340569374146,0.07489492241603332,0.8447265320099955,0.08502435860961521,3.0293630925349095
6.5,25,18,,,,,,,,,,,,
6.75,25,18,,,,,,,,,,,,
7.0,25,18,,,,,,,,,,,,
2.5,28,18,,,,,,,,,,,,
2.75,28,18,,,,,,,,,,,,
3.0,28,18,,,,,,,,,,,,
3.25,28,18,,,,,,,,,,,,
3.5,28,18,,,,,,,,,,,,
3.75,28,18,,,,,,,,,,,,
4.0,28,18,,,,,,,,,,,,
4.25,28,18,,,,,,,,,,,,
4.5,28,18,,,,,,,,,,,,
4.75,28,18,,,,,,,,,,,,
5.0,28,18,2030315318.4641013,1.9435537742150966,0.47655310621242486,14.992217196014419,0.5021360828524865,0.13567897711814653,DCLC,4.884443176253275,0.15648676197716993,0.9803685519726343,0.08946067096330046,2.3046247714268846
5.25,28,18,2334069811.734683,2.1976139779559114,0.39839679358717434,14.932729760207721,0.5028852857408326,0.11677137618959747,DCLC,4.203769542825509,0.10586938372068987,0.9094970410848315,0.08179644255441278,2.6466829316397145
5.5,28,18,2644361448.6273365,2.3952905811623246,0.35831663326653307,14.888917046178808,0.5022172663715118,0.10496289006438438,DCLC,3.7786640423178373,0.08059152130732489,0.8622852977130013,0.07757289208566012,2.9231532880045354
5.75,28,18,2922126104.665041,2.4849908149632594,0.35831663326653307,14.783837511662025,0.5265567480984281,0.10010746018831554,DCLC,3.6038685667793593,0.07168118177204763,0.8421051294816743,0.07757289208566012,3.0412516115327533
6.0,28,18,3151717583.3174205,2.4869739478957915,0.3903807615230461,14.71682787138939,0.5781406446574869,0.10014428550913122,DCLC,3.605194278328724,0.0721551069772049,0.8422600027554972,0.08096935919811009,3.032248085311375
6.25,28,18,3394220404.4615545,2.500052187708751,0.4264529058116232,14.885448425671095,0.6371709103970634,0.1005476398762037,DCLC,3.6197150355433334,0.07331194281237301,0.8439544971101495,0.08462760255480514,3.0609264696506906
6.5,28,18,3625936205.1887054,2.497369739478958,0.45851703406813626,14.70950624843952,0.6747517500133483,0.10021074437798594,DCLC,3.6075867976074933,0.07307876112735603,0.8425394313972034,0.08775143677794207,3.0394595856144226
6.75,28,18,3868394381.145677,2.5137149298597192,0.49258517034068133,14.816338855580522,0.7208728341076875,0.10003476247000759,DCLC,3.601251448920273,0.07313837640890461,0.8417993069201306,0.09095302864893208,3.0712627230938048
7.0,28,18,4091919559.561213,2.5175350701402803,0.5306613226452905,14.850750793420445,0.7603087532651883,0.10013862918926542,DCLC,3.604990650813555,0.07372520341518804,0.8422362162796415,0.09440287404012733,3.0796170232080295
